Id,LastName,First Name,Email,Phone,Count,IsIS,CarName,Color,Price,MadeOn,Address,,,,,,,,,,,,,,,,,,,,,,,
yek,Creative Business Systems,Chau,chau-kitzman@gmail.com,555-555-5555,2,1,bmw,red,100000,2022-01-10 13:30:23,6649 N Blue Gum St,,,,,,,,,,,,,,,,,,,,,,,
do,Dal Tile Corporation,Theola,theola-frey@frey.com,555-555-5555,3,0,benz,blue,200000,2022-01-10 13:30:23,4 B Blue Ridge Blvd,,,,,,,,,,,,,,,,,,,,,,,
se,Buckley Miller & Wright,Michael,michael-gruta@cox.net,555-555-5555,4,0,206,green,850000,2022-01-10 13:30:23,98 Connecticut Ave Nw,,,,,,,,,,,,,,,,,,,,,,,




































































































































































































































































































































































































































































































































































































































































































































































































































































































































































































































Evaluation Only. Created with Aspose.Cells for .NET.Copyright 2003 - 2022 Aspose Pty Ltd.